fraction,min_risk,max_stop,confirm_window,train_n,train_expectancy,train_winrate,train_dd,train_sharpe,val_n,val_expectancy,val_winrate,val_dd,val_sharpe,test_n,test_expectancy,test_winrate,test_dd,test_sharpe
0.7,0.3,1.5,10,248,0.09594927564449757,0.8064516129032258,3.9024684918597377,0.13899361674135438,73,0.10868181635189869,0.821917808219178,5.0,0.17906850102769595,85,0.13208808913917297,0.8470588235294118,3.5368233186034246,0.21365865961108127
0.7,0.3,1.5,20,318,0.08382868847264695,0.7955974842767296,7.166790081988353,0.12099338328131962,90,0.09782234020727118,0.8,5.921024014499328,0.14876861524730164,111,0.14406448278453082,0.8288288288288288,3.8215041128084586,0.21567333334856312
0.7,0.3,1.5,30,381,0.06579098600302628,0.7664041994750657,13.891016872270649,0.09345660342800065,120,0.001790208455289625,0.725,12.226512375885765,0.002583851344379604,127,0.09158228315198201,0.7795275590551181,5.6780732882885925,0.12785674096311336
0.7,0.3,2.0,10,238,0.12193429479355845,0.8487394957983193,3.567689456807898,0.19030272147500712,71,0.08712335873981997,0.8309859154929577,5.543642620526317,0.15289731169888582,82,0.16644611751688573,0.8902439024390244,2.7727943918118516,0.2926602226865009
0.7,0.3,2.0,20,302,0.098245168978961,0.8245033112582781,5.510923484496111,0.14889912597822144,87,0.09964183728936946,0.8275862068965517,6.687191313229204,0.16797519956317278,103,0.18898171810446523,0.8737864077669902,3.0,0.30226463531408754
0.7,0.3,2.0,30,363,0.09395916512185297,0.7961432506887053,9.522239013840867,0.13650492428292726,115,-0.013559071557279307,0.7217391304347827,12.893880073803322,-0.01980771009829609,118,0.11678830374656608,0.8135593220338984,3.6263391207979314,0.17003467510558057
0.7,0.3,2.5,10,238,0.12093236628856822,0.8571428571428571,3.862243994633925,0.1924907847766536,70,0.09782266909918387,0.8428571428571429,5.0,0.17558469034824103,81,0.1726212256860436,0.9012345679012346,2.1415271882945923,0.31019450609339755
0.7,0.3,2.5,20,297,0.09827790000303886,0.8282828282828283,5.734194332044929,0.14622184364174196,87,0.09182416073047392,0.8275862068965517,6.739008729995444,0.15559714208100517,102,0.18528777836456906,0.8823529411764706,2.0,0.3013777517937871
0.7,0.3,2.5,30,358,0.08576216425148213,0.7960893854748603,11.612761426448444,0.1250076613458473,107,-0.009219414627728132,0.7289719626168224,10.548088821038721,-0.01362791219648892,118,0.10578293749747308,0.8135593220338984,4.001153847421389,0.15468707420523453
0.7,0.5,1.5,10,240,0.08955954706491265,0.8166666666666667,3.514769274968101,0.14708367327208346,71,0.07420452319828458,0.8169014084507042,5.0,0.12682719729532127,82,0.09380729253947694,0.8414634146341463,3.5368233186034246,0.16029382702382833
0.7,0.5,1.5,20,300,0.07438008063239937,0.81,4.0,0.12305012670661032,83,0.06787854820718957,0.7951807228915663,5.921024014499328,0.10554507568112378,106,0.11944248745170764,0.8490566037735849,4.0,0.20897891817198222
0.7,0.5,1.5,30,356,0.062489332430612166,0.7808988764044944,10.808007954477674,0.09441041723903436,106,-0.006993031051376632,0.7358490566037735,9.41590494181499,-0.010491531981661806,122,0.07477940004354532,0.7786885245901639,5.6780732882885925,0.10775795593857426
0.7,0.5,2.0,10,230,0.11619328531837088,0.8608695652173913,3.0,0.2127836029748033,69,0.0510218409263307,0.8260869565217391,5.962799086035931,0.09394624636313845,79,0.12801635503534226,0.8860759493670886,2.7727943918118516,0.24075940972572263
0.7,0.5,2.0,20,286,0.08512310718690219,0.8391608391608392,3.5828157115555097,0.15200599497069192,80,0.0698233126990397,0.825,6.034509320892101,0.12229041769622642,99,0.16398493334856962,0.898989898989899,3.0,0.32270342907031213
0.7,0.5,2.0,30,338,0.08072279349522153,0.8106508875739645,6.724295984199594,0.12919432070727452,101,-0.013943348311429895,0.7425742574257426,9.794143657949999,-0.021524851695304725,114,0.10045309275699256,0.8157894736842105,3.6263391207979314,0.1526589837841197
0.7,0.5,2.5,10,230,0.11511052829396276,0.8695652173913043,3.0,0.21685110781644476,68,0.061504932210771635,0.8382352941176471,5.0,0.11611392871376182,78,0.13393627810226844,0.8974358974358975,2.1415271882945923,0.2585422696369887
0.7,0.5,2.5,20,280,0.07457766692202117,0.8428571428571429,3.5828157115555097,0.13621939172905767,80,0.06197496161028361,0.825,6.086326737658342,0.10924546347917302,98,0.15941254729566948,0.9081632653061225,2.0,0.3232789332157253
0.7,0.5,2.5,30,331,0.07853439206545874,0.8157099697885196,7.045243256314508,0.1272117889081091,97,-0.0047024330887505544,0.7525773195876289,9.548088821038721,-0.007356837304488226,114,0.08906157330617702,0.8157894736842105,4.001153847421389,0.13607765206934738
0.7,0.7,1.5,10,234,0.07256648473893214,0.8162393162393162,3.5336878817445587,0.12310007691441822,71,0.073324616821877,0.8169014084507042,5.0,0.12538614000883913,77,0.03606439542940646,0.8181818181818182,4.966653377545763,0.06385241640043092
0.7,0.7,1.5,20,283,0.07288483173033128,0.8127208480565371,4.0,0.12145058739225072,79,0.039411697698470013,0.7848101265822784,5.921024014499328,0.061885755131726686,95,0.044617637513319396,0.8105263157894737,5.782255183804061,0.07746626132848947
0.7,0.7,1.5,30,326,0.04642850746382173,0.7883435582822086,6.968720334629147,0.07427290215167039,91,-0.004195681701162611,0.7472527472527473,8.2261642014152,-0.006419404522676919,110,-0.0008797382632976661,0.7636363636363637,5.889725231596774,-0.0014085771594940693
0.7,0.7,2.0,10,224,0.11014915295076969,0.8705357142857143,2.551980753380562,0.215131942133174,69,0.05011643001727364,0.8260869565217391,5.962799086035931,0.09234108836550584,74,0.07067410899455477,0.8648648648648649,3.771798246396255,0.13900159774099274
0.7,0.7,2.0,20,269,0.08553793812749924,0.8438661710037175,3.0,0.15470083249037903,76,0.038829242534596055,0.8157894736842105,6.034509320892102,0.06952031323386869,87,0.08631920941587558,0.8620689655172413,3.0,0.16769232284015875
0.7,0.7,2.0,30,309,0.06783677222135061,0.8220064724919094,4.58281571155551,0.11680246455156325,86,-0.0195358628250467,0.7558139534883721,9.312615100656298,-0.03122746391727261,102,0.026418294453375225,0.803921568627451,4.343459992164698,0.04556084783504868
0.7,0.7,2.5,10,224,0.10809875140354516,0.8794642857142857,2.630562435624384,0.21841341787201313,68,0.06058620643540492,0.8382352941176471,5.0,0.1144574526200022,73,0.07621399602441031,0.8767123287671232,3.233545765849759,0.15444264038864236
0.7,0.7,2.5,20,264,0.07512593547073583,0.8484848484848485,3.0,0.13954605952281623,76,0.030300361471252573,0.8157894736842105,6.086326737658342,0.05469713909269725,86,0.0802057261935859,0.872093023255814,2.283193929835263,0.16140030144238962
0.7,0.7,2.5,30,303,0.060868066913360316,0.8250825082508251,4.600074750937381,0.10627334018380953,83,-0.0001636935464867218,0.7710843373493976,8.921024014499327,-0.00026600294890057887,102,0.026332848881886733,0.8137254901960784,4.675985265780073,0.04659012243679428
0.85,0.3,1.5,10,237,0.11364537952908586,0.7848101265822784,3.0511850876633924,0.14600573004786016,69,0.1380099793185698,0.8115942028985508,4.0,0.21053018300577808,80,0.097533009231933,0.7875,7.264567796925515,0.1371514665935543
0.85,0.3,1.5,20,301,0.09475760441109651,0.770764119601329,5.768772568184541,0.12174249047409298,91,0.13726416290429025,0.8021978021978022,4.904100589034899,0.19611540034898053,100,0.10595080675650825,0.76,6.452763028701195,0.1346164135294821
0.85,0.3,1.5,30,353,0.083102183867905,0.7478753541076487,11.38993653011784,0.10898272276695249,115,0.0501935041298556,0.7217391304347827,9.051538975022218,0.06699449974407723,118,0.0021548452563293122,0.7033898305084746,10.690051681397634,0.0027915415101610894
0.85,0.3,2.0,10,227,0.12298626907902663,0.8193832599118943,3.241690914819248,0.16814973982885084,66,0.10924334222507373,0.8181818181818182,4.826164069719107,0.179089940780419,77,0.12981547167440488,0.8311688311688312,6.187945125455263,0.1945500900333468
0.85,0.3,2.0,20,286,0.09855137460709652,0.7937062937062938,6.361975971443403,0.13165797488905667,87,0.13578539417301724,0.8275862068965517,6.230830087966398,0.21719424240455748,91,0.13801477024854653,0.7912087912087912,4.290864836382022,0.1791775085675831
0.85,0.3,2.0,30,335,0.0978565267792994,0.7731343283582089,7.704086560838334,0.13087465985553762,108,0.03132150829938855,0.7129629629629629,9.700646294854462,0.04207659710003758,103,0.00037568370477025445,0.7087378640776699,9.102671742561533,0.00048730014720585935
0.85,0.3,2.5,10,223,0.11643603256014941,0.8251121076233184,3.3371115289724678,0.16118320039355344,65,0.12060600328129882,0.8307692307692308,4.207279466445383,0.20217121705941973,75,0.1455135725503226,0.8533333333333334,4.690349733189597,0.22468715566717565
0.85,0.3,2.5,20,280,0.09576504283036855,0.7964285714285714,6.631029391830658,0.12467469478099238,87,0.12741103986834193,0.8275862068965517,6.2876139506277235,0.20506082249820348,95,0.1499085035388075,0.8210526315789474,3.3387743337432596,0.20415645606615004
0.85,0.3,2.5,30,329,0.09106474757070905,0.7750759878419453,8.14555535668427,0.12256086179951695,99,0.05664778740800213,0.7373737373737373,8.263442776990248,0.07829903491807036,107,0.029640780799832088,0.7476635514018691,7.834718713672181,0.04029235711267395
0.85,0.5,1.5,10,230,0.0968807997469406,0.7913043478260869,3.0,0.14420696640916283,68,0.11806784598697243,0.8088235294117647,4.0,0.18213591120084827,77,0.045581676561865396,0.7792207792207793,7.264567796925516,0.06917795635469423
0.85,0.5,1.5,20,288,0.07658334727798508,0.78125,5.138050617467787,0.11456368157355917,84,0.1165292939551815,0.7976190476190477,4.904100589034899,0.16663193755566774,95,0.06219309235539778,0.7789473684210526,6.669508034576639,0.09469798832265651
0.85,0.5,1.5,30,337,0.07152588479554209,0.7537091988130564,9.389936530117836,0.09776139297458826,104,0.032074691675757855,0.7307692307692307,8.26344277699025,0.04426525627874226,113,-0.02659536616394448,0.6991150442477876,10.906796687273076,-0.03629242987864044
0.85,0.5,2.0,10,221,0.11171728678945443,0.8280542986425339,3.1387943403898326,0.18181792560204627,65,0.08793823909211813,0.8153846153846154,5.290065589455551,0.1465715222302878,74,0.07706675237348876,0.8243243243243243,6.187945125455263,0.12639402466815622
0.85,0.5,2.0,20,274,0.07935154938110399,0.8065693430656934,4.6917990935359475,0.12721953962254665,80,0.11520669033076751,0.825,5.652573382985631,0.1864091447658822,87,0.09188051865465713,0.8160919540229885,4.290864836382022,0.14867439855381345
0.85,0.5,2.0,30,320,0.08372131846974938,0.78125,5.962822102227502,0.12080154016734883,97,0.021405046411368863,0.7319587628865979,8.718296588528746,0.030184927231899673,99,-0.03034452211420006,0.7070707070707071,9.102671742561533,-0.04202695239287498
0.85,0.5,2.5,10,218,0.10463512342177118,0.8348623853211009,3.3262798437657644,0.17455515760337098,64,0.09914554949089431,0.828125,4.303101673760455,0.16909175872299295,72,0.09195369858309985,0.8472222222222222,4.690349733189598,0.1566641546132355
0.85,0.5,2.5,20,267,0.06273369053581862,0.8089887640449438,4.749630690019524,0.1030988954883824,80,0.1068929605154137,0.825,5.709357245646958,0.1741557553886482,91,0.10570691194429878,0.8461538461538461,3.338774333743256,0.18242268552989038
0.85,0.5,2.5,30,312,0.07843164139096097,0.7852564102564102,6.352543789795606,0.114380458120418,92,0.054093410734616654,0.7608695652173914,8.263442776990248,0.07871068416176129,103,0.0012501013076203179,0.7475728155339806,7.8347187136721805,0.0018220650468319204
0.85,0.7,1.5,10,225,0.08205161471422527,0.7911111111111111,3.4337638564041058,0.12492327365917454,68,0.11695225040259856,0.8088235294117647,4.0,0.18051489814264063,73,0.0011833231601102222,0.7534246575342466,7.264567796925518,0.001773819920938893
0.85,0.7,1.5,20,270,0.0636985675572894,0.7777777777777778,6.110322119492327,0.0958183194233349,79,0.07706350400214425,0.7848101265822784,4.904100589034898,0.11173019361325158,87,-0.006476363930629967,0.735632183908046,6.970386913728595,-0.009562064154031581
0.85,0.7,1.5,30,306,0.04542757622308775,0.7581699346405228,6.0,0.06591956290076036,91,0.032402015057994143,0.7472527472527473,7.060342244575601,0.04613143153355028,104,-0.053170767364903455,0.6923076923076923,11.687091691290203,-0.07424734733951642
0.85,0.7,2.0,10,216,0.1084740082891221,0.8379629629629629,3.1387943403898326,0.18477737586601733,65,0.08677115448077316,0.8153846153846154,5.290065589455551,0.14473860452349224,70,0.03311693967397874,0.8,6.18794512545526,0.053533236861982456
0.85,0.7,2.0,20,256,0.0680778821198532,0.8046875,5.230445305209404,0.11014703239562257,75,0.0716949300008011,0.8133333333333334,5.652573382985628,0.11967121336530341,78,0.014801092789001455,0.7692307692307693,5.061787256983094,0.022970588024377913
0.85,0.7,2.0,30,290,0.06049659196541729,0.7896551724137931,6.120995725966445,0.09410994907386616,84,0.010690901734232084,0.75,8.68083255734585,0.015818824292488452,91,-0.051698185802895966,0.7032967032967034,10.108812719496838,-0.07354910225417907
0.85,0.7,2.5,10,213,0.09998127541803611,0.8450704225352113,3.3262798437657644,0.17541338839747744,64,0.09796022918249707,0.828125,4.303101673760455,0.16720166413340035,68,0.04758694705181664,0.8235294117647058,4.690349733189599,0.07981198414464352
0.85,0.7,2.5,20,250,0.05113605178401003,0.808,5.340882983002027,0.08521810725334678,75,0.06249784976620321,0.8133333333333334,5.709357245646955,0.10529355815485873,81,0.03108902604383016,0.8024691358024691,4.665821979221173,0.05119970485765836
0.85,0.7,2.5,30,283,0.04927790552599829,0.7915194346289752,6.817064410056274,0.07776473341773141,80,0.05832214589978062,0.7875,7.904100589034898,0.0897908292800845,94,-0.01901063149917797,0.7446808510638298,8.794194275489494,-0.028472570221110428
1.0,0.3,1.5,10,224,0.14445570117438558,0.7678571428571429,3.715129109705572,0.16631834540404614,69,0.17781211302761737,0.7971014492753623,4.0,0.24425355947620705,78,0.13456023014056082,0.782051282051282,6.6053738787359055,0.1722576177400394
1.0,0.3,1.5,20,279,0.10725568052578724,0.7383512544802867,6.225595431093012,0.12187258240617391,88,0.15749659867032734,0.7727272727272727,4.887177163570469,0.1984601880774867,97,0.12146604178200722,0.7422680412371134,5.826780033766116,0.14430168732680365
1.0,0.3,1.5,30,323,0.10437924669665297,0.7244582043343654,9.130855120821764,0.12440175251827572,110,0.07277141886764052,0.7,7.780520914106175,0.088168980785013,114,0.035344022549663144,0.6929824561403509,9.400060801644276,0.04172554273142635
1.0,0.3,2.0,10,210,0.1425000833923988,0.8,3.7001461754698255,0.17351199904341255,66,0.1421173411011347,0.803030303030303,5.080432508726997,0.2106894699692699,75,0.16571324267693954,0.8266666666666667,5.691700147594419,0.22470327031370718
1.0,0.3,2.0,20,262,0.11666141952988321,0.7709923664122137,6.080319605463814,0.13864579992592335,84,0.14920218556446177,0.7976190476190477,5.742153044666347,0.21074012099114067,89,0.15322914284936945,0.7752808988764045,4.0,0.1865703842031093
1.0,0.3,2.0,30,303,0.11599894041695481,0.7491749174917491,6.804838146833131,0.13988011718339366,103,0.04917039470991075,0.6893203883495146,8.854262102074511,0.06011954467471452,99,0.03122499237442801,0.696969696969697,8.061966755954746,0.036763169952137645
1.0,0.3,2.5,10,207,0.13696943363591838,0.8067632850241546,3.7001461754698255,0.16870934901076134,65,0.15297941108060112,0.8153846153846154,4.095769078497471,0.23112640172310708,73,0.18020863566478515,0.8493150684931506,4.282764391987762,0.2506114734572344
1.0,0.3,2.5,20,257,0.111310525051795,0.77431906614786,7.212975755094892,0.12841434772420945,84,0.13899814040330277,0.7976190476190477,5.808957588973791,0.19773239790692398,93,0.16317058397209905,0.8064516129032258,3.0,0.20827766398497125
1.0,0.3,2.5,30,301,0.10039041141559245,0.7475083056478405,7.263334249854431,0.1219492564634382,94,0.07234388127548098,0.7127659574468085,7.780520914106175,0.09072422078993135,103,0.0612986043981559,0.7378640776699029,6.923198486673153,0.07550189747669235
1.0,0.5,1.5,10,218,0.11631405556937932,0.7706422018348624,3.7151291097055754,0.15907772317963242,68,0.15457794780627282,0.7941176470588235,4.0,0.21507183261047555,75,0.07260379003965765,0.7733333333333333,6.605373878735905,0.10193046064552341
1.0,0.5,1.5,20,268,0.07686820702397566,0.746268656716418,6.359818084482722,0.104338386338676,82,0.1410337079251303,0.7682926829268293,4.887177163570469,0.17736048229221854,92,0.08378986138392629,0.7608695652173914,6.0817741583254605,0.11595716846652286
1.0,0.5,1.5,30,309,0.07923892436618658,0.7249190938511327,9.130855120821765,0.09901817987854244,101,0.0508521003614098,0.7029702970297029,7.780520914106175,0.06319572510260484,110,-0.008927404617221652,0.6818181818181818,9.655054926203618,-0.011183374657113677
1.0,0.5,2.0,10,206,0.11989907345284699,0.8058252427184466,3.7001461754698255,0.179837349694812,65,0.11726167945532066,0.8,5.679227459455015,0.17718718843970124,72,0.10247332642751458,0.8194444444444444,5.691700147594424,0.15485341937045302
1.0,0.5,2.0,20,252,0.08439802687744834,0.7817460317460317,6.080319605463805,0.12495464114645505,78,0.13285254866678342,0.7948717948717948,5.238321627041917,0.18887045858656273,85,0.11419065195954069,0.8,4.0,0.16752505823638217
1.0,0.5,2.0,30,290,0.08639042885551892,0.7517241379310344,6.804838146833131,0.11392382905209165,94,0.03562509205229941,0.7021276595744681,8.61125651092063,0.045283638711011084,96,-0.017343382384669436,0.6875,8.061966755954742,-0.02199301240676465
1.0,0.5,2.5,10,203,0.11385101995521671,0.812807881773399,3.7001461754698255,0.17460615134435992,64,0.12790509956500043,0.8125,4.694564029225491,0.19710735711833263,70,0.11578309579342709,0.8428571428571429,4.282764391987762,0.18110262855167256
1.0,0.5,2.5,20,246,0.06117836161251339,0.7845528455284553,5.82134612821285,0.09371575341200697,78,0.12282089881416944,0.7948717948717948,5.305126171349359,0.17594702793224778,89,0.1255900162712952,0.8314606741573034,3.0,0.19584625712220932
1.0,0.5,2.5,30,285,0.0717595944150547,0.7508771929824561,7.263334249854427,0.09554496690960071,89,0.06803369650575908,0.7303370786516854,7.780520914106175,0.08868833161725165,100,0.015575172990134181,0.73,6.9231984866731535,0.020725826172494907
1.0,0.7,1.5,10,213,0.10069151820408245,0.7699530516431925,3.7151291097055754,0.14070305915286963,68,0.1532654824128918,0.7941176470588235,4.0,0.21337012411134867,71,0.02245377150708511,0.7464788732394366,6.605373878735904,0.03131975186882225
1.0,0.7,1.5,20,252,0.059627537787503786,0.7420634920634921,6.685725161307275,0.08162233248219906,78,0.09278782500838781,0.7564102564102564,4.887177163570469,0.11949775030314408,85,0.0076021187560593026,0.7176470588235294,6.081774158325458,0.010339463090217528
1.0,0.7,1.5,30,281,0.043549568573529235,0.7259786476868327,6.47280479210338,0.05784426989858025,90,0.05361976963541124,0.7222222222222222,7.072878565257713,0.06866923985412783,101,-0.04262313058980149,0.6732673267326733,10.57304904857671,-0.05492792772476273
1.0,0.7,2.0,10,201,0.11748519639320529,0.8159203980099502,3.890368397691997,0.1840193005916281,65,0.11588863873609127,0.8,5.679227459455015,0.17525948764387986,68,0.05253656883917359,0.7941176470588235,5.691700147594426,0.07883092598442493
1.0,0.7,2.0,20,236,0.0691296391518107,0.7796610169491526,6.647314412172003,0.1037259734180614,74,0.07934714995145939,0.7837837837837838,6.762786272862223,0.1178896404676734,77,0.028721590134356035,0.7532467532467533,4.377555788942438,0.04108647067705628
1.0,0.7,2.0,30,263,0.05316818955552802,0.7566539923954373,5.9051043474330704,0.0756916266123386,83,0.025395254767324113,0.7228915662650602,9.449534121293691,0.03384942113635359,88,-0.04566373290570527,0.6818181818181818,9.245662022937456,-0.05979636176050362
1.0,0.7,2.5,10,198,0.11016404195704012,0.8232323232323232,3.890368397691997,0.17718597901077443,64,0.1265106050845331,0.8125,4.694564029225491,0.19512434924905198,66,0.06513975581549473,0.8181818181818182,4.282764391987763,0.1011456770902241
1.0,0.7,2.5,20,231,0.045481272984768804,0.7835497835497836,6.5005400773692,0.07106198474717741,74,0.0683808380660088,0.7837837837837838,6.926187616286066,0.10266550393712115,80,0.04218294425253511,0.7875,4.031820759385782,0.06390629033134208
1.0,0.7,2.5,30,259,0.03105238707103431,0.752895752895753,6.829477634146514,0.0448384461075692,79,0.07385511764916859,0.759493670886076,7.887177163570469,0.10145167184070544,91,-0.011530317924320821,0.7252747252747253,8.051993265281759,-0.01584406195639465
